age,workclass,education,education_num,marital_status,occupation,relationship,race,sex,capital_gain,capital_loss,hours_per_week,native_country,income
19,Private,11th,7,Never-married,Other-service,Other-relative,White,Male,0,0,30,United-States,<=50K
41,Private,HS-grad,9,Married-civ-spouse,Handlers-cleaners,Husband,White,Male,0,0,40,United-States,<=50K
32,Private,Some-college,10,Married-civ-spouse,Exec-managerial,Husband,White,Male,0,0,50,United-States,<=50K
27,Private,HS-grad,9,Divorced,Craft-repair,Other-relative,Other,Male,0,0,40,United-States,<=50K
19,Private,HS-grad,9,Never-married,Sales,Not-in-family,White,Male,0,0,50,United-States,<=50K
39,Private,HS-grad,9,Divorced,Exec-managerial,Not-in-family,White,Male,0,0,80,United-States,<=50K
46,Private,HS-grad,9,Divorced,Sales,Unmarried,White,Female,0,0,30,United-States,<=50K
20,Private,HS-grad,9,Never-married,Adm-clerical,Not-in-family,White,Female,0,0,40,United-States,<=50K
30,Private,HS-grad,9,Never-married,Adm-clerical,Unmarried,White,Female,0,0,40,United-States,<=50K
23,Private,Bachelors,13,Never-married,Tech-support,Own-child,White,Female,0,0,40,United-States,<=50K
48,Private,Assoc-voc,11,Divorced,Other-service,Own-child,White,Female,0,0,40,United-States,<=50K
30,Self-emp-not-inc,Some-college,10,Married-civ-spouse,Sales,Husband,Amer-Indian-Eskimo,Male,0,0,55,United-States,>50K
50,Private,HS-grad,9,Married-civ-spouse,Adm-clerical,Wife,White,Female,5178,0,40,United-States,>50K
53,Self-emp-not-inc,7th-8th,4,Married-civ-spouse,Tech-support,Husband,White,Male,0,0,99,United-States,<=50K
39,Private,11th,7,Married-civ-spouse,Prof-specialty,Husband,White,Male,0,0,60,United-States,<=50K
45,Local-gov,Bachelors,13,Married-civ-spouse,Prof-specialty,Wife,White,Female,0,0,55,United-States,<=50K
50,Private,Some-college,10,Married-civ-spouse,Sales,Husband,White,Male,0,0,45,United-States,>50K
38,Local-gov,Assoc-voc,11,Divorced,Exec-managerial,Own-child,White,Male,0,0,40,United-States,<=50K
17,Private,10th,6,Never-married,Sales,Own-child,White,Female,0,0,16,United-States,<=50K
35,Private,Bachelors,13,Never-married,Handlers-cleaners,Not-in-family,Black,Male,0,0,40,United-States,<=50K
33,Private,11th,7,Never-married,Sales,Unmarried,Black,Female,0,0,17,United-States,<=50K
35,Private,Bachelors,13,Married-civ-spouse,Craft-repair,Husband,Asian-Pac-Islander,Male,0,0,40,Philippines,>50K
22,Private,HS-grad,9,Never-married,Other-service,Own-child,White,Female,0,0,36,United-States,<=50K
29,Private,12th,8,Never-married,Other-service,Not-in-family,Other,Male,0,0,40,United-States,<=50K
32,Private,HS-grad,9,Never-married,Handlers-cleaners,Not-in-family,White,Female,0,0,35,United-States,<=50K
40,Local-gov,Some-college,10,Married-civ-spouse,Adm-clerical,Wife,White,Female,0,0,40,United-States,>50K
22,Private,HS-grad,9,Never-married,Machine-op-inspct,Not-in-family,White,Male,0,0,50,United-States,<=50K
22,Self-emp-not-inc,Some-college,10,Never-married,Farming-fishing,Own-child,White,Male,0,0,20,United-States,<=50K
22,Local-gov,Some-college,10,Never-married,Protective-serv,Own-child,White,Male,0,0,40,United-States,<=50K
35,Federal-gov,5th-6th,3,Never-married,Craft-repair,Not-in-family,White,Male,0,0,40,Mexico,<=50K
37,Private,HS-grad,9,Divorced,Other-service,Other-relative,White,Female,0,0,50,Peru,<=50K
45,Private,HS-grad,9,Married-civ-spouse,Other-service,Husband,White,Male,0,1902,40,United-States,>50K
43,Private,Assoc-voc,11,Married-civ-spouse,Exec-managerial,Husband,White,Male,0,0,45,United-States,>50K
31,Private,HS-grad,9,Married-spouse-absent,Priv-house-serv,Other-relative,Black,Female,0,0,60,Jamaica,<=50K
47,Private,Some-college,10,Married-civ-spouse,Craft-repair,Husband,Black,Male,7688,0,40,United-States,>50K
37,Private,Assoc-voc,11,Separated,Prof-specialty,Own-child,White,Female,0,0,38,United-States,<=50K
37,Private,Some-college,10,Married-civ-spouse,Adm-clerical,Wife,White,Female,7298,0,45,United-States,>50K
62,Private,10th,6,Widowed,Handlers-cleaners,Not-in-family,White,Female,0,0,40,United-States,<=50K
37,Private,HS-grad,9,Divorced,Machine-op-inspct,Not-in-family,Asian-Pac-Islander,Female,0,0,40,Philippines,<=50K
24,Private,Bachelors,13,Never-married,Prof-specialty,Not-in-family,White,Male,0,0,25,United-States,<=50K
58,Private,HS-grad,9,Never-married,Adm-clerical,Unmarried,White,Female,0,0,40,United-States,<=50K
53,Local-gov,Masters,14,Widowed,Prof-specialty,Unmarried,Black,Female,0,1669,35,United-States,<=50K
54,Private,Some-college,10,Divorced,Craft-repair,Unmarried,White,Female,0,0,48,United-States,<=50K
42,Self-emp-not-inc,Prof-school,15,Divorced,Prof-specialty,Unmarried,White,Female,7430,0,44,United-States,>50K
38,Local-gov,Some-college,10,Never-married,Other-service,Not-in-family,White,Male,0,0,12,United-States,<=50K
54,Private,HS-grad,9,Married-civ-spouse,Sales,Husband,White,Male,0,0,40,United-States,<=50K
46,Self-emp-inc,Bachelors,13,Married-civ-spouse,Sales,Husband,White,Male,0,0,50,United-States,>50K
52,Local-gov,Masters,14,Married-civ-spouse,Exec-managerial,Husband,White,Male,7298,0,60,United-States,>50K
26,Local-gov,Assoc-acdm,12,Married-civ-spouse,Protective-serv,Husband,White,Male,0,0,45,United-States,>50K
23,Private,Some-college,10,Never-married,Adm-clerical,Own-child,White,Male,0,0,40,United-States,<=50K
43,Private,Bachelors,13,Divorced,Exec-managerial,Not-in-family,White,Female,0,0,45,United-States,>50K
25,Private,5th-6th,3,Never-married,Adm-clerical,Not-in-family,White,Female,0,0,33,Mexico,<=50K
24,Private,Bachelors,13,Never-married,Sales,Other-relative,White,Male,0,0,40,United-States,<=50K
21,Private,Some-college,10,Never-married,Other-service,Not-in-family,Black,Female,0,0,30,United-States,<=50K
24,Private,HS-grad,9,Never-married,Transport-moving,Not-in-family,White,Female,0,0,50,United-States,<=50K
52,Private,HS-grad,9,Never-married,Sales,Not-in-family,White,Male,0,0,40,United-States,<=50K
75,Self-emp-not-inc,Prof-school,15,Married-civ-spouse,Prof-specialty,Husband,White,Male,0,2174,50,United-States,>50K
55,Private,HS-grad,9,Divorced,Adm-clerical,Unmarried,Amer-Indian-Eskimo,Female,0,0,45,United-States,<=50K
46,Private,Bachelors,13,Divorced,Sales,Unmarried,White,Male,0,0,40,United-States,>50K
18,Private,Some-college,10,Never-married,Sales,Own-child,White,Male,0,0,28,United-States,<=50K
29,Private,HS-grad,9,Married-civ-spouse,Transport-moving,Husband,White,Male,0,0,40,United-States,<=50K
41,Private,HS-grad,9,Never-married,Sales,Unmarried,Black,Female,0,0,40,United-States,<=50K
44,Self-emp-not-inc,Some-college,10,Divorced,Exec-managerial,Not-in-family,White,Female,0,0,40,United-States,<=50K
59,Self-emp-not-inc,Bachelors,13,Married-civ-spouse,Sales,Husband,White,Male,15024,0,55,United-States,>50K
43,Local-gov,Bachelors,13,Separated,Prof-specialty,Unmarried,White,Female,0,0,40,United-States,<=50K
66,Private,5th-6th,3,Married-spouse-absent,Handlers-cleaners,Unmarried,White,Female,0,0,40,Puerto-Rico,<=50K
38,Private,Assoc-voc,11,Married-civ-spouse,Craft-repair,Husband,White,Male,0,0,50,United-States,>50K
44,Private,Bachelors,13,Divorced,Sales,Unmarried,White,Female,0,0,35,United-States,<=50K
19,Private,HS-grad,9,Never-married,Other-service,Other-relative,Black,Male,0,0,40,United-States,<=50K
37,Private,Some-college,10,Never-married,Tech-support,Other-relative,White,Female,0,0,40,United-States,<=50K
17,Private,9th,5,Never-married,Transport-moving,Not-in-family,White,Male,0,0,20,United-States,<=50K
23,Private,10th,6,Married-civ-spouse,Handlers-cleaners,Husband,White,Male,0,0,40,United-States,<=50K
41,Private,HS-grad,9,Separated,Adm-clerical,Unmarried,White,Female,0,0,40,United-States,<=50K
31,Private,HS-grad,9,Married-civ-spouse,Craft-repair,Wife,White,Female,0,0,45,United-States,<=50K
49,Self-emp-not-inc,Bachelors,13,Married-civ-spouse,Farming-fishing,Husband,White,Male,0,0,70,United-States,<=50K
24,Self-emp-not-inc,HS-grad,9,Never-married,Other-service,Own-child,White,Male,0,0,30,United-States,<=50K
31,Private,Bachelors,13,Never-married,Tech-support,Not-in-family,White,Male,0,0,37,United-States,<=50K
56,Private,HS-grad,9,Married-civ-spouse,Machine-op-inspct,Husband,White,Male,0,0,40,Italy,>50K
26,State-gov,Assoc-voc,11,Divorced,Exec-managerial,Not-in-family,White,Female,0,0,38,United-States,<=50K
23,Private,HS-grad,9,Never-married,Sales,Not-in-family,White,Female,2463,0,40,United-States,<=50K
28,Private,Some-college,10,Never-married,Craft-repair,Own-child,White,Male,0,0,50,United-States,<=50K
20,Private,HS-grad,9,Separated,Machine-op-inspct,Own-child,White,Male,0,0,40,United-States,<=50K
35,Self-emp-not-inc,Bachelors,13,Married-civ-spouse,Prof-specialty,Husband,White,Male,0,0,40,United-States,<=50K
51,Private,Masters,14,Married-civ-spouse,Prof-specialty,Wife,White,Female,0,0,40,United-States,>50K
33,Private,7th-8th,4,Married-civ-spouse,Machine-op-inspct,Husband,White,Male,0,0,40,United-States,<=50K
34,Private,HS-grad,9,Never-married,Adm-clerical,Own-child,White,Male,0,0,40,United-States,<=50K
66,Private,HS-grad,9,Never-married,Transport-moving,Not-in-family,White,Male,2050,0,55,United-States,<=50K
28,Self-emp-not-inc,Some-college,10,Married-civ-spouse,Farming-fishing,Husband,White,Male,0,0,55,United-States,<=50K
31,State-gov,HS-grad,9,Married-civ-spouse,Sales,Husband,White,Male,0,0,40,United-States,<=50K
27,Private,HS-grad,9,Never-married,Protective-serv,Own-child,White,Male,0,0,40,Japan,<=50K
21,Private,Some-college,10,Never-married,Sales,Own-child,White,Male,0,0,45,United-States,<=50K
40,Private,Some-college,10,Married-civ-spouse,Machine-op-inspct,Husband,White,Male,2580,0,40,United-States,<=50K
36,Private,Some-college,10,Married-civ-spouse,Exec-managerial,Wife,White,Female,0,0,33,United-States,<=50K
23,Private,HS-grad,9,Never-married,Adm-clerical,Own-child,White,Male,0,0,30,United-States,<=50K
42,Private,Bachelors,13,Divorced,Adm-clerical,Unmarried,White,Male,9562,0,45,United-States,>50K
37,Private,HS-grad,9,Married-civ-spouse,Exec-managerial,Husband,White,Male,0,0,60,United-States,>50K
18,Private,Some-college,10,Never-married,Sales,Own-child,White,Male,0,0,35,United-States,<=50K
24,State-gov,Some-college,10,Never-married,Machine-op-inspct,Own-child,White,Female,0,0,40,United-States,<=50K
36,Local-gov,Assoc-voc,11,Married-civ-spouse,Transport-moving,Husband,Amer-Indian-Eskimo,Male,0,0,40,United-States,<=50K
38,Self-emp-not-inc,HS-grad,9,Never-married,Farming-fishing,Not-in-family,White,Male,0,0,60,United-States,<=50K
32,Private,HS-grad,9,Divorced,Craft-repair,Unmarried,White,Male,0,0,40,United-States,<=50K
60,Private,Some-college,10,Widowed,Sales,Not-in-family,White,Female,0,0,15,United-States,<=50K
51,Private,HS-grad,9,Married-civ-spouse,Transport-moving,Husband,White,Male,0,0,50,United-States,<=50K
45,Private,HS-grad,9,Married-civ-spouse,Craft-repair,Husband,White,Male,0,0,40,United-States,<=50K
71,Private,Bachelors,13,Divorced,Tech-support,Own-child,White,Female,2329,0,16,United-States,<=50K
64,Self-emp-inc,1st-4th,2,Married-civ-spouse,Sales,Husband,White,Male,0,0,20,United-States,<=50K
59,Private,HS-grad,9,Divorced,Adm-clerical,Not-in-family,White,Female,0,0,40,United-States,<=50K
52,Private,Some-college,10,Divorced,Adm-clerical,Not-in-family,White,Female,0,0,60,United-States,<=50K
23,Private,HS-grad,9,Divorced,Other-service,Own-child,White,Female,0,0,10,United-States,<=50K
50,Private,10th,6,Separated,Adm-clerical,Not-in-family,Black,Female,0,0,47,Jamaica,<=50K
41,Self-emp-not-inc,Some-college,10,Married-civ-spouse,Farming-fishing,Husband,White,Male,7688,0,50,United-States,>50K
24,Private,HS-grad,9,Never-married,Other-service,Own-child,White,Male,0,0,35,United-States,<=50K
43,Private,HS-grad,9,Married-civ-spouse,Handlers-cleaners,Husband,Black,Male,0,0,40,United-States,<=50K
35,Federal-gov,Some-college,10,Divorced,Exec-managerial,Unmarried,Asian-Pac-Islander,Female,0,0,40,Philippines,<=50K
49,Private,HS-grad,9,Married-civ-spouse,Other-service,Wife,Asian-Pac-Islander,Female,0,0,8,Philippines,<=50K
20,Private,Some-college,10,Never-married,Other-service,Own-child,White,Female,0,0,20,United-States,<=50K
44,Private,Some-college,10,Never-married,Craft-repair,Not-in-family,White,Male,0,0,38,United-States,<=50K
36,Local-gov,Bachelors,13,Married-civ-spouse,Prof-specialty,Own-child,White,Male,0,0,40,United-States,<=50K
19,Private,HS-grad,9,Never-married,Handlers-cleaners,Other-relative,White,Male,0,0,40,United-States,<=50K
30,Local-gov,Assoc-acdm,12,Never-married,Protective-serv,Not-in-family,Black,Male,0,0,40,United-States,<=50K
31,Private,HS-grad,9,Married-civ-spouse,Machine-op-inspct,Husband,White,Male,0,0,50,United-States,<=50K
25,Private,Bachelors,13,Married-civ-spouse,Tech-support,Husband,White,Male,5178,0,40,United-States,>50K
29,Private,Masters,14,Never-married,Sales,Not-in-family,White,Male,0,0,50,United-States,>50K
29,Private,Some-college,10,Never-married,Adm-clerical,Not-in-family,White,Female,0,0,40,United-States,<=50K
51,Private,HS-grad,9,Never-married,Craft-repair,Not-in-family,White,Male,0,0,40,United-States,>50K
37,Self-emp-not-inc,HS-grad,9,Married-civ-spouse,Craft-repair,Husband,White,Male,0,0,40,United-States,<=50K
38,Private,Some-college,10,Married-civ-spouse,Craft-repair,Husband,White,Male,0,0,40,United-States,>50K
23,Private,Some-college,10,Never-married,Handlers-cleaners,Own-child,Black,Male,0,0,40,United-States,<=50K
64,Private,HS-grad,9,Married-civ-spouse,Farming-fishing,Husband,White,Male,0,0,25,France,<=50K
55,Local-gov,Bachelors,13,Married-civ-spouse,Prof-specialty,Wife,White,Female,0,0,60,United-States,<=50K
27,Local-gov,HS-grad,9,Married-civ-spouse,Handlers-cleaners,Other-relative,White,Male,0,0,50,United-States,<=50K
32,Private,Some-college,10,Married-civ-spouse,Machine-op-inspct,Husband,White,Male,0,0,84,United-States,>50K
31,Self-emp-not-inc,HS-grad,9,Married-civ-spouse,Other-service,Wife,White,Female,0,2415,40,United-States,>50K
53,Private,Some-college,10,Married-civ-spouse,Craft-repair,Husband,White,Male,0,0,40,United-States,>50K
31,Private,Bachelors,13,Married-civ-spouse,Craft-repair,Husband,White,Male,0,0,44,United-States,>50K
26,Private,HS-grad,9,Never-married,Transport-moving,Not-in-family,White,Male,0,0,40,United-States,<=50K
30,Private,HS-grad,9,Married-civ-spouse,Sales,Husband,White,Male,0,0,45,United-States,<=50K
36,Federal-gov,Bachelors,13,Married-civ-spouse,Exec-managerial,Wife,White,Female,0,0,40,United-States,<=50K
24,Local-gov,Some-college,10,Never-married,Protective-serv,Own-child,White,Male,0,0,40,United-States,<=50K
47,Private,Some-college,10,Divorced,Adm-clerical,Not-in-family,White,Male,0,0,40,United-States,<=50K
38,Private,HS-grad,9,Married-civ-spouse,Craft-repair,Husband,White,Male,0,1902,40,United-States,>50K
19,Private,HS-grad,9,Never-married,Sales,Own-child,Black,Male,0,0,25,United-States,<=50K
28,Private,Some-college,10,Never-married,Craft-repair,Own-child,White,Male,0,0,50,United-States,<=50K
46,Private,7th-8th,4,Married-spouse-absent,Priv-house-serv,Unmarried,White,Female,0,1594,24,Guatemala,<=50K
35,Local-gov,Some-college,10,Divorced,Adm-clerical,Own-child,White,Female,0,0,38,United-States,<=50K
38,Private,Bachelors,13,Married-civ-spouse,Other-service,Husband,White,Male,0,0,35,Mexico,<=50K
38,Private,HS-grad,9,Married-civ-spouse,Craft-repair,Husband,White,Male,0,0,40,United-States,<=50K
53,Private,Bachelors,13,Married-civ-spouse,Exec-managerial,Husband,White,Male,0,0,44,United-States,>50K
34,Private,HS-grad,9,Divorced,Machine-op-inspct,Unmarried,Black,Female,0,0,40,United-States,<=50K
42,Self-emp-not-inc,Some-college,10,Married-civ-spouse,Craft-repair,Husband,White,Male,0,0,40,United-States,<=50K
19,Private,HS-grad,9,Never-married,Other-service,Own-child,White,Male,0,0,15,United-States,<=50K
42,Private,HS-grad,9,Married-civ-spouse,Transport-moving,Husband,White,Male,2885,0,45,United-States,<=50K
41,Self-emp-inc,Bachelors,13,Widowed,Prof-specialty,Unmarried,White,Female,0,0,40,United-States,<=50K
50,Private,HS-grad,9,Divorced,Adm-clerical,Not-in-family,White,Female,0,0,40,United-States,<=50K
26,Private,Assoc-acdm,12,Never-married,Prof-specialty,Not-in-family,White,Female,0,0,40,United-States,<=50K
26,State-gov,Masters,14,Married-civ-spouse,Prof-specialty,Husband,White,Male,0,0,30,United-States,<=50K
22,Federal-gov,Some-college,10,Never-married,Exec-managerial,Not-in-family,White,Female,0,0,40,United-States,<=50K
47,Private,HS-grad,9,Married-civ-spouse,Craft-repair,Husband,White,Male,0,0,50,United-States,>50K
73,Federal-gov,Some-college,10,Widowed,Tech-support,Not-in-family,White,Female,3273,0,40,United-States,<=50K
51,Private,Some-college,10,Married-civ-spouse,Craft-repair,Husband,White,Male,0,0,60,United-States,>50K
45,Private,Masters,14,Married-civ-spouse,Exec-managerial,Husband,White,Male,15024,0,60,England,>50K
30,Private,HS-grad,9,Married-civ-spouse,Machine-op-inspct,Husband,White,Male,0,0,40,United-States,<=50K
38,Private,Bachelors,13,Married-civ-spouse,Exec-managerial,Husband,White,Male,0,0,40,United-States,<=50K
53,State-gov,10th,6,Married-civ-spouse,Transport-moving,Husband,White,Male,0,0,40,United-States,>50K
31,Private,Bachelors,13,Married-civ-spouse,Prof-specialty,Husband,White,Male,0,0,40,United-States,<=50K
33,Private,HS-grad,9,Never-married,Handlers-cleaners,Not-in-family,Black,Male,0,0,40,Jamaica,<=50K
37,Private,Some-college,10,Married-civ-spouse,Sales,Husband,White,Male,0,0,44,United-States,>50K
56,Private,Some-college,10,Married-civ-spouse,Adm-clerical,Husband,White,Male,0,0,35,United-States,<=50K
22,Private,HS-grad,9,Never-married,Adm-clerical,Own-child,Black,Female,0,0,38,United-States,<=50K
44,Private,HS-grad,9,Separated,Other-service,Unmarried,White,Female,0,0,39,United-States,<=50K
35,Private,Bachelors,13,Married-civ-spouse,Tech-support,Husband,White,Male,0,0,40,United-States,>50K
38,Private,Some-college,10,Divorced,Craft-repair,Unmarried,White,Male,0,0,40,United-States,<=50K
40,Local-gov,Masters,14,Never-married,Adm-clerical,Not-in-family,White,Female,0,1876,35,United-States,<=50K
31,Private,HS-grad,9,Never-married,Sales,Own-child,White,Male,0,0,40,United-States,<=50K
32,Private,HS-grad,9,Never-married,Craft-repair,Own-child,White,Male,0,0,40,United-States,<=50K
40,Private,HS-grad,9,Divorced,Craft-repair,Not-in-family,White,Male,0,0,40,United-States,<=50K
43,State-gov,HS-grad,9,Married-civ-spouse,Protective-serv,Husband,White,Male,0,0,40,United-States,<=50K
37,Self-emp-inc,Bachelors,13,Married-civ-spouse,Prof-specialty,Husband,White,Male,0,0,45,United-States,<=50K
18,Private,Some-college,10,Never-married,Sales,Own-child,White,Female,0,0,15,United-States,<=50K
59,Private,9th,5,Never-married,Other-service,Not-in-family,Black,Male,0,0,50,United-States,<=50K
40,Private,Some-college,10,Married-civ-spouse,Prof-specialty,Husband,White,Male,0,0,40,United-States,>50K
23,Private,HS-grad,9,Never-married,Other-service,Own-child,White,Male,0,0,35,United-States,<=50K
39,Private,Prof-school,15,Married-civ-spouse,Prof-specialty,Husband,White,Male,0,0,55,United-States,>50K
31,Private,HS-grad,9,Married-civ-spouse,Transport-moving,Husband,Amer-Indian-Eskimo,Male,0,0,40,United-States,<=50K
55,Private,Masters,14,Divorced,Exec-managerial,Unmarried,White,Male,0,0,40,United-States,>50K
31,Private,Bachelors,13,Married-civ-spouse,Sales,Husband,White,Male,0,0,40,United-States,>50K
31,Self-emp-not-inc,Some-college,10,Married-civ-spouse,Craft-repair,Husband,White,Male,0,0,60,United-States,<=50K
24,Private,7th-8th,4,Married-civ-spouse,Farming-fishing,Husband,White,Male,2105,0,50,United-States,<=50K
37,Private,10th,6,Divorced,Other-service,Unmarried,White,Female,0,0,33,United-States,<=50K
40,Private,HS-grad,9,Married-civ-spouse,Machine-op-inspct,Husband,White,Male,0,0,40,United-States,<=50K
33,Self-emp-not-inc,HS-grad,9,Married-civ-spouse,Other-service,Husband,Black,Male,0,0,40,United-States,<=50K
53,Private,HS-grad,9,Married-civ-spouse,Machine-op-inspct,Husband,White,Male,0,0,40,United-States,>50K
26,Private,HS-grad,9,Married-civ-spouse,Machine-op-inspct,Husband,White,Male,0,0,45,United-States,<=50K
58,Private,Some-college,10,Never-married,Adm-clerical,Not-in-family,White,Female,0,0,39,United-States,<=50K
31,Private,HS-grad,9,Divorced,Transport-moving,Not-in-family,White,Male,0,0,40,United-States,<=50K
49,Private,Prof-school,15,Married-civ-spouse,Prof-specialty,Husband,White,Male,0,0,60,United-States,>50K
37,Private,Some-college,10,Married-civ-spouse,Sales,Husband,White,Male,0,0,55,United-States,<=50K
61,Private,Bachelors,13,Married-civ-spouse,Sales,Husband,White,Male,0,0,50,United-States,>50K
63,Private,Some-college,10,Divorced,Craft-repair,Unmarried,White,Male,0,0,22,United-States,<=50K
29,Private,HS-grad,9,Married-civ-spouse,Machine-op-inspct,Husband,Black,Male,0,0,40,United-States,<=50K
21,Private,Some-college,10,Never-married,Adm-clerical,Not-in-family,White,Male,0,0,35,United-States,<=50K
46,Private,HS-grad,9,Never-married,Craft-repair,Unmarried,White,Male,0,0,40,United-States,<=50K
56,State-gov,HS-grad,9,Divorced,Adm-clerical,Not-in-family,White,Female,0,0,40,United-States,<=50K
28,Private,Some-college,10,Married-civ-spouse,Adm-clerical,Own-child,White,Female,0,0,40,United-States,<=50K
25,Private,Some-college,10,Never-married,Adm-clerical,Not-in-family,Amer-Indian-Eskimo,Female,0,0,20,United-States,<=50K
21,Private,Some-college,10,Never-married,Other-service,Not-in-family,White,Female,0,0,40,United-States,<=50K
48,Private,7th-8th,4,Married-civ-spouse,Other-service,Husband,Asian-Pac-Islander,Male,0,0,30,China,<=50K
33,Local-gov,Masters,14,Married-civ-spouse,Prof-specialty,Husband,White,Male,7688,0,50,United-States,>50K
58,Federal-gov,Bachelors,13,Never-married,Prof-specialty,Not-in-family,White,Male,0,0,48,United-States,<=50K
22,Private,HS-grad,9,Never-married,Prof-specialty,Own-child,White,Female,0,0,20,United-States,<=50K
18,Private,11th,7,Never-married,Craft-repair,Own-child,White,Male,0,0,5,United-States,<=50K
36,Local-gov,HS-grad,9,Married-civ-spouse,Exec-managerial,Husband,White,Male,0,0,45,United-States,>50K
32,Private,HS-grad,9,Never-married,Farming-fishing,Own-child,White,Male,0,0,40,United-States,<=50K
51,Private,11th,7,Separated,Other-service,Not-in-family,Black,Female,0,0,40,Jamaica,<=50K
17,Private,11th,7,Never-married,Other-service,Own-child,Black,Female,0,0,25,United-States,<=50K
32,Private,Some-college,10,Never-married,Tech-support,Not-in-family,White,Female,0,0,20,United-States,<=50K
50,Private,11th,7,Married-civ-spouse,Machine-op-inspct,Husband,Black,Male,0,0,40,United-States,<=50K
37,Self-emp-not-inc,11th,7,Never-married,Farming-fishing,Own-child,White,Male,0,0,37,United-States,<=50K
19,Private,Some-college,10,Never-married,Adm-clerical,Own-child,White,Female,0,0,38,United-States,<=50K
43,Private,Some-college,10,Married-civ-spouse,Craft-repair,Husband,White,Male,0,0,40,United-States,<=50K
24,Private,Bachelors,13,Never-married,Farming-fishing,Not-in-family,White,Male,0,0,40,United-States,<=50K
46,Private,Bachelors,13,Married-civ-spouse,Other-service,Husband,White,Male,0,0,30,United-States,>50K
39,Private,Doctorate,16,Married-civ-spouse,Exec-managerial,Husband,White,Male,0,0,45,United-States,>50K
20,Private,HS-grad,9,Never-married,Handlers-cleaners,Other-relative,White,Male,0,0,45,United-States,<=50K
34,Private,HS-grad,9,Married-civ-spouse,Craft-repair,Husband,White,Male,0,0,50,United-States,<=50K
44,Private,10th,6,Separated,Machine-op-inspct,Unmarried,Black,Female,0,0,40,United-States,<=50K
27,Private,Assoc-voc,11,Never-married,Tech-support,Other-relative,White,Female,0,0,36,United-States,<=50K
42,Private,HS-grad,9,Married-civ-spouse,Other-service,Husband,Black,Male,0,0,40,Haiti,<=50K
19,Private,Some-college,10,Never-married,Other-service,Own-child,White,Male,0,0,20,United-States,<=50K
24,Private,HS-grad,9,Never-married,Farming-fishing,Not-in-family,White,Male,0,0,40,United-States,<=50K
43,Private,Bachelors,13,Married-civ-spouse,Sales,Husband,White,Male,15024,0,45,United-States,>50K
24,Private,HS-grad,9,Married-civ-spouse,Handlers-cleaners,Husband,White,Male,0,0,40,United-States,<=50K
36,Private,Some-college,10,Married-civ-spouse,Machine-op-inspct,Husband,White,Male,0,0,44,United-States,<=50K
31,Private,Some-college,10,Divorced,Adm-clerical,Unmarried,White,Female,0,0,38,United-States,<=50K
47,Federal-gov,Some-college,10,Married-civ-spouse,Adm-clerical,Husband,Black,Male,0,0,40,United-States,>50K
44,State-gov,Bachelors,13,Married-civ-spouse,Prof-specialty,Husband,Amer-Indian-Eskimo,Male,0,0,38,United-States,>50K
32,Private,Bachelors,13,Married-civ-spouse,Exec-managerial,Husband,White,Male,0,0,60,United-States,>50K
24,Private,Some-college,10,Never-married,Machine-op-inspct,Not-in-family,White,Male,0,0,40,United-States,<=50K
46,Private,HS-grad,9,Never-married,Handlers-cleaners,Other-relative,White,Male,0,0,5,United-States,<=50K
40,Private,Some-college,10,Never-married,Exec-managerial,Own-child,White,Female,0,0,40,United-States,<=50K
41,Private,HS-grad,9,Married-civ-spouse,Adm-clerical,Husband,White,Male,0,0,40,United-States,<=50K
54,Private,HS-grad,9,Never-married,Adm-clerical,Unmarried,White,Female,0,0,40,United-States,<=50K
34,Private,Some-college,10,Divorced,Adm-clerical,Not-in-family,White,Female,0,0,50,United-States,<=50K
23,Private,HS-grad,9,Never-married,Tech-support,Other-relative,Asian-Pac-Islander,Male,0,0,40,Vietnam,<=50K
29,Private,HS-grad,9,Divorced,Machine-op-inspct,Unmarried,White,Male,0,0,40,United-States,<=50K
48,Private,HS-grad,9,Married-civ-spouse,Craft-repair,Husband,White,Male,0,0,45,United-States,<=50K
33,State-gov,Masters,14,Never-married,Prof-specialty,Not-in-family,White,Male,0,0,60,United-States,<=50K
35,Private,Bachelors,13,Married-civ-spouse,Exec-managerial,Husband,White,Male,0,1848,70,United-States,>50K
28,Local-gov,Bachelors,13,Married-civ-spouse,Protective-serv,Husband,Black,Male,0,0,42,United-States,>50K
31,Private,HS-grad,9,Never-married,Other-service,Unmarried,White,Female,0,0,40,Mexico,<=50K
30,Private,HS-grad,9,Married-civ-spouse,Tech-support,Husband,White,Male,0,0,40,United-States,>50K
20,Private,HS-grad,9,Never-married,Handlers-cleaners,Own-child,White,Male,0,0,43,United-States,<=50K
18,Private,12th,8,Never-married,Other-service,Own-child,White,Female,0,0,20,United-States,<=50K
66,Private,Bachelors,13,Married-civ-spouse,Priv-house-serv,Other-relative,White,Male,0,0,99,United-States,<=50K
70,Self-emp-not-inc,Prof-school,15,Married-civ-spouse,Prof-specialty,Husband,White,Male,0,0,25,United-States,<=50K
63,Private,HS-grad,9,Widowed,Adm-clerical,Unmarried,White,Female,0,0,40,United-States,<=50K
44,Private,Some-college,10,Divorced,Prof-specialty,Not-in-family,White,Female,0,0,40,United-States,<=50K
33,Private,HS-grad,9,Never-married,Handlers-cleaners,Own-child,White,Male,4416,0,40,United-States,<=50K
23,Private,Some-college,10,Never-married,Adm-clerical,Other-relative,Asian-Pac-Islander,Female,0,0,24,Vietnam,<=50K
22,Private,HS-grad,9,Never-married,Craft-repair,Own-child,White,Male,0,0,55,United-States,<=50K
43,State-gov,Some-college,10,Never-married,Other-service,Not-in-family,White,Female,0,0,40,United-States,<=50K
56,Private,HS-grad,9,Widowed,Sales,Unmarried,White,Female,0,0,25,Mexico,<=50K
64,Private,Some-college,10,Widowed,Tech-support,Unmarried,White,Female,0,0,40,United-States,<=50K
49,Self-emp-inc,Masters,14,Married-civ-spouse,Sales,Husband,White,Male,0,0,40,United-States,>50K
47,Private,HS-grad,9,Married-civ-spouse,Adm-clerical,Husband,Black,Male,0,0,40,United-States,>50K
17,Private,11th,7,Never-married,Other-service,Own-child,White,Male,0,0,20,United-States,<=50K
83,Self-emp-inc,Bachelors,13,Married-civ-spouse,Exec-managerial,Husband,White,Male,0,2392,55,United-States,>50K
58,Private,HS-grad,9,Divorced,Other-service,Unmarried,White,Female,0,0,35,United-States,<=50K
45,Private,Assoc-voc,11,Married-civ-spouse,Craft-repair,Husband,White,Male,0,0,40,Canada,>50K
55,Private,Assoc-voc,11,Married-civ-spouse,Prof-specialty,Husband,White,Male,0,1977,50,Germany,>50K
50,Private,HS-grad,9,Married-civ-spouse,Craft-repair,Husband,White,Male,0,0,40,Poland,<=50K
36,Private,Bachelors,13,Divorced,Prof-specialty,Not-in-family,White,Male,0,0,45,United-States,<=50K
23,State-gov,Some-college,10,Never-married,Protective-serv,Not-in-family,White,Male,0,0,40,United-States,<=50K
57,Private,Assoc-acdm,12,Widowed,Adm-clerical,Not-in-family,White,Female,0,0,35,United-States,<=50K
48,Private,Masters,14,Married-civ-spouse,Exec-managerial,Husband,Black,Male,0,0,45,United-States,<=50K
28,Private,Bachelors,13,Married-civ-spouse,Prof-specialty,Husband,White,Male,0,0,50,United-States,<=50K
27,Private,HS-grad,9,Married-civ-spouse,Prof-specialty,Wife,Black,Female,0,0,40,United-States,<=50K
48,Private,11th,7,Married-civ-spouse,Machine-op-inspct,Husband,White,Male,0,0,40,United-States,<=50K
35,Private,HS-grad,9,Separated,Machine-op-inspct,Unmarried,White,Male,0,0,40,United-States,<=50K
25,Private,Bachelors,13,Never-married,Adm-clerical,Own-child,White,Male,0,0,40,United-States,<=50K
31,Private,HS-grad,9,Married-civ-spouse,Machine-op-inspct,Wife,White,Female,0,0,55,United-States,<=50K
20,Private,Some-college,10,Never-married,Sales,Own-child,White,Male,0,0,40,United-States,<=50K
48,Federal-gov,HS-grad,9,Married-civ-spouse,Transport-moving,Husband,Black,Male,0,0,40,United-States,>50K
28,Private,7th-8th,4,Separated,Handlers-cleaners,Not-in-family,White,Male,0,0,40,Mexico,<=50K
22,State-gov,Bachelors,13,Married-civ-spouse,Exec-managerial,Husband,White,Male,0,0,20,United-States,<=50K
23,Private,Some-college,10,Never-married,Other-service,Own-child,White,Female,0,0,20,United-States,<=50K
24,Private,Some-college,10,Never-married,Machine-op-inspct,Not-in-family,White,Male,0,0,40,United-States,<=50K
24,Self-emp-not-inc,Some-college,10,Never-married,Prof-specialty,Not-in-family,Asian-Pac-Islander,Male,0,0,30,United-States,>50K
18,Private,HS-grad,9,Never-married,Sales,Own-child,White,Female,0,0,25,United-States,<=50K
50,Private,Some-college,10,Married-civ-spouse,Adm-clerical,Other-relative,White,Female,0,0,35,United-States,>50K
28,Private,Prof-school,15,Divorced,Prof-specialty,Unmarried,White,Male,0,0,55,United-States,<=50K
53,Private,Bachelors,13,Married-civ-spouse,Exec-managerial,Husband,Asian-Pac-Islander,Male,99999,0,50,India,>50K
33,Private,HS-grad,9,Married-civ-spouse,Transport-moving,Husband,White,Male,0,0,43,United-States,<=50K
31,Private,Bachelors,13,Married-civ-spouse,Adm-clerical,Husband,White,Male,7298,0,50,United-States,>50K
61,Private,HS-grad,9,Widowed,Sales,Not-in-family,White,Female,0,0,35,United-States,<=50K
49,Private,Some-college,10,Married-civ-spouse,Other-service,Husband,White,Male,0,0,32,United-States,<=50K
55,Private,HS-grad,9,Separated,Handlers-cleaners,Unmarried,White,Male,0,0,40,United-States,<=50K
52,Private,HS-grad,9,Married-civ-spouse,Machine-op-inspct,Husband,White,Male,0,0,40,United-States,>50K
24,Private,Bachelors,13,Never-married,Other-service,Own-child,Black,Female,0,0,75,United-States,<=50K
31,Private,Bachelors,13,Never-married,Prof-specialty,Not-in-family,White,Female,0,0,72,United-States,>50K
44,Private,Some-college,10,Divorced,Farming-fishing,Not-in-family,White,Female,0,0,40,United-States,<=50K
34,Private,HS-grad,9,Never-married,Handlers-cleaners,Not-in-family,White,Male,0,0,40,United-States,<=50K
52,Private,Some-college,10,Married-civ-spouse,Craft-repair,Husband,White,Male,5013,0,40,United-States,<=50K
27,Self-emp-not-inc,Some-college,10,Married-civ-spouse,Other-service,Wife,White,Female,0,0,50,United-States,<=50K
35,State-gov,HS-grad,9,Married-civ-spouse,Craft-repair,Husband,White,Male,0,1485,40,United-States,>50K
50,Self-emp-inc,Some-college,10,Married-civ-spouse,Exec-managerial,Husband,White,Male,0,0,99,United-States,>50K
49,Self-emp-inc,Some-college,10,Married-civ-spouse,Exec-managerial,Husband,White,Male,15024,0,50,United-States,>50K
30,Private,Assoc-acdm,12,Divorced,Adm-clerical,Own-child,White,Female,0,1762,40,United-States,<=50K
27,Private,Some-college,10,Never-married,Handlers-cleaners,Not-in-family,Black,Male,0,0,50,United-States,<=50K
25,State-gov,Some-college,10,Never-married,Handlers-cleaners,Own-child,White,Male,0,0,40,United-States,<=50K
33,Private,Bachelors,13,Married-civ-spouse,Exec-managerial,Wife,White,Female,0,0,40,United-States,>50K
45,State-gov,HS-grad,9,Married-civ-spouse,Craft-repair,Husband,White,Male,0,0,40,United-States,<=50K
29,Private,Bachelors,13,Never-married,Sales,Own-child,White,Female,0,0,40,United-States,<=50K
35,Private,Bachelors,13,Never-married,Other-service,Not-in-family,White,Male,0,0,37,United-States,<=50K
22,Private,Bachelors,13,Never-married,Farming-fishing,Own-child,White,Male,0,0,40,United-States,<=50K
20,Local-gov,HS-grad,9,Never-married,Other-service,Unmarried,Black,Female,0,0,40,United-States,<=50K
58,Private,HS-grad,9,Married-civ-spouse,Exec-managerial,Husband,White,Male,15024,0,60,United-States,>50K
55,Private,10th,6,Married-civ-spouse,Craft-repair,Husband,White,Male,0,0,40,United-States,<=50K
43,Private,Some-college,10,Divorced,Machine-op-inspct,Not-in-family,White,Male,0,0,40,United-States,<=50K
48,Private,Some-college,10,Divorced,Adm-clerical,Not-in-family,White,Female,0,0,50,United-States,<=50K
50,Private,HS-grad,9,Married-civ-spouse,Protective-serv,Husband,White,Male,0,0,38,United-States,>50K
32,Private,HS-grad,9,Divorced,Adm-clerical,Unmarried,White,Female,0,0,40,United-States,<=50K
30,Private,HS-grad,9,Married-civ-spouse,Craft-repair,Husband,White,Male,0,0,50,United-States,<=50K
31,Local-gov,Assoc-acdm,12,Never-married,Tech-support,Not-in-family,White,Male,0,0,20,United-States,<=50K
34,Private,Assoc-voc,11,Divorced,Craft-repair,Not-in-family,White,Male,0,0,40,United-States,<=50K
51,Private,Some-college,10,Married-civ-spouse,Tech-support,Husband,White,Male,0,0,40,United-States,>50K
64,Self-emp-not-inc,5th-6th,3,Married-civ-spouse,Farming-fishing,Husband,White,Male,0,0,70,Canada,<=50K
49,Local-gov,HS-grad,9,Married-civ-spouse,Transport-moving,Husband,White,Male,0,0,40,United-States,<=50K
54,State-gov,Bachelors,13,Married-civ-spouse,Exec-managerial,Husband,White,Male,0,0,40,Puerto-Rico,>50K
24,Self-emp-inc,Bachelors,13,Married-civ-spouse,Exec-managerial,Husband,White,Male,0,0,40,United-States,>50K
29,Private,HS-grad,9,Married-civ-spouse,Transport-moving,Other-relative,White,Male,0,0,40,United-States,<=50K
47,Private,HS-grad,9,Married-civ-spouse,Craft-repair,Husband,White,Male,0,0,40,United-States,<=50K
47,Self-emp-not-inc,Bachelors,13,Married-civ-spouse,Prof-specialty,Husband,White,Male,0,0,60,United-States,<=50K
26,Private,Some-college,10,Never-married,Tech-support,Own-child,White,Male,0,0,20,United-States,<=50K
39,Private,HS-grad,9,Divorced,Adm-clerical,Not-in-family,White,Male,0,0,40,United-States,<=50K
44,Private,Some-college,10,Married-civ-spouse,Exec-managerial,Husband,White,Male,0,0,40,United-States,>50K
30,Private,Assoc-voc,11,Married-civ-spouse,Adm-clerical,Wife,White,Female,0,0,24,United-States,<=50K
23,Private,Bachelors,13,Never-married,Prof-specialty,Own-child,Asian-Pac-Islander,Female,0,0,20,United-States,<=50K
23,Private,12th,8,Never-married,Other-service,Not-in-family,White,Female,0,0,30,United-States,<=50K
33,Private,Assoc-voc,11,Separated,Craft-repair,Not-in-family,White,Male,0,2444,42,United-States,>50K
19,Private,Some-college,10,Never-married,Other-service,Not-in-family,White,Female,0,0,30,United-States,<=50K
42,Local-gov,Masters,14,Divorced,Prof-specialty,Unmarried,White,Female,0,0,40,United-States,<=50K
45,State-gov,Masters,14,Married-civ-spouse,Prof-specialty,Husband,White,Male,0,0,45,United-States,>50K
47,Private,HS-grad,9,Married-civ-spouse,Transport-moving,Husband,White,Male,0,1887,45,United-States,>50K
24,Private,Some-college,10,Married-civ-spouse,Craft-repair,Husband,White,Male,0,0,40,United-States,<=50K
40,Federal-gov,Assoc-voc,11,Married-civ-spouse,Prof-specialty,Wife,White,Female,0,0,65,United-States,>50K
34,Private,Bachelors,13,Never-married,Exec-managerial,Own-child,White,Male,0,0,40,United-States,<=50K
23,Private,Some-college,10,Never-married,Exec-managerial,Not-in-family,White,Male,0,0,40,United-States,<=50K
30,Federal-gov,Some-college,10,Married-civ-spouse,Adm-clerical,Own-child,White,Male,0,0,40,United-States,<=50K
35,Private,HS-grad,9,Married-civ-spouse,Craft-repair,Husband,White,Male,0,0,40,United-States,>50K
44,Private,Bachelors,13,Married-civ-spouse,Exec-managerial,Husband,Asian-Pac-Islander,Male,0,0,40,United-States,<=50K
31,Private,Bachelors,13,Married-civ-spouse,Exec-managerial,Husband,White,Male,0,2246,45,United-States,>50K
48,Private,HS-grad,9,Separated,Adm-clerical,Not-in-family,White,Female,0,2001,40,United-States,<=50K
51,Private,HS-grad,9,Separated,Machine-op-inspct,Not-in-family,White,Male,0,1876,40,United-States,<=50K
58,Private,HS-grad,9,Married-civ-spouse,Exec-managerial,Husband,White,Male,0,0,45,United-States,<=50K
42,Self-emp-inc,Bachelors,13,Married-civ-spouse,Exec-managerial,Husband,White,Male,0,0,60,United-States,>50K
19,Private,Some-college,10,Never-married,Adm-clerical,Own-child,White,Female,0,0,20,United-States,<=50K
57,Private,HS-grad,9,Divorced,Adm-clerical,Other-relative,Black,Female,0,0,40,United-States,<=50K
48,Private,HS-grad,9,Married-civ-spouse,Craft-repair,Husband,White,Male,0,0,44,United-States,>50K
47,Private,HS-grad,9,Never-married,Adm-clerical,Unmarried,White,Female,0,0,40,United-States,<=50K
40,Private,HS-grad,9,Married-civ-spouse,Craft-repair,Husband,White,Male,0,0,40,United-States,<=50K
23,Private,HS-grad,9,Never-married,Transport-moving,Own-child,White,Male,0,0,40,United-States,<=50K
31,Private,Doctorate,16,Married-civ-spouse,Prof-specialty,Husband,White,Male,0,1977,99,United-States,>50K
19,Private,HS-grad,9,Never-married,Other-service,Own-child,Black,Female,0,0,40,United-States,<=50K
33,Private,10th,6,Married-civ-spouse,Farming-fishing,Husband,White,Male,0,0,40,United-States,<=50K
19,Private,HS-grad,9,Never-married,Sales,Unmarried,Black,Male,0,0,30,Haiti,<=50K
48,Private,9th,5,Married-civ-spouse,Craft-repair,Husband,White,Male,0,0,44,United-States,<=50K
50,Private,Some-college,10,Married-civ-spouse,Craft-repair,Husband,White,Male,0,0,40,United-States,>50K
58,Private,Bachelors,13,Married-civ-spouse,Adm-clerical,Husband,Asian-Pac-Islander,Male,0,0,40,Philippines,<=50K
42,Private,Bachelors,13,Married-civ-spouse,Sales,Husband,White,Male,0,0,40,United-States,>50K
64,Private,Masters,14,Married-civ-spouse,Prof-specialty,Husband,Asian-Pac-Islander,Male,0,2057,60,China,<=50K
24,Private,Assoc-voc,11,Married-civ-spouse,Craft-repair,Husband,White,Male,0,0,45,United-States,<=50K
43,Private,Masters,14,Married-civ-spouse,Exec-managerial,Wife,White,Female,15024,0,32,United-States,>50K
29,Private,Bachelors,13,Never-married,Tech-support,Not-in-family,White,Male,0,0,40,United-States,<=50K
73,Self-emp-not-inc,7th-8th,4,Married-civ-spouse,Farming-fishing,Husband,White,Male,6418,0,99,United-States,>50K
44,Private,HS-grad,9,Divorced,Handlers-cleaners,Not-in-family,White,Female,0,0,48,United-States,<=50K
33,Self-emp-not-inc,Bachelors,13,Married-civ-spouse,Craft-repair,Husband,White,Male,0,0,40,United-States,>50K
35,Private,HS-grad,9,Married-civ-spouse,Craft-repair,Husband,White,Male,0,0,38,United-States,<=50K
46,Private,Bachelors,13,Married-civ-spouse,Prof-specialty,Husband,White,Male,0,1848,45,United-States,>50K
38,Private,Some-college,10,Never-married,Other-service,Own-child,White,Male,0,0,40,United-States,<=50K
59,Private,HS-grad,9,Married-civ-spouse,Protective-serv,Husband,White,Male,0,0,24,United-States,>50K
47,Private,HS-grad,9,Divorced,Adm-clerical,Unmarried,White,Female,0,0,40,United-States,<=50K
26,Private,12th,8,Married-civ-spouse,Craft-repair,Husband,White,Male,0,0,40,United-States,<=50K
57,Private,Masters,14,Married-civ-spouse,Exec-managerial,Husband,Black,Male,0,1977,40,United-States,>50K
22,Private,HS-grad,9,Never-married,Machine-op-inspct,Not-in-family,White,Male,0,0,42,United-States,<=50K
23,Private,Bachelors,13,Never-married,Sales,Own-child,Black,Male,0,0,10,United-States,<=50K
59,Private,Some-college,10,Divorced,Other-service,Not-in-family,White,Male,0,0,40,United-States,<=50K
43,Private,HS-grad,9,Divorced,Exec-managerial,Unmarried,White,Female,0,0,40,United-States,<=50K
37,Federal-gov,Some-college,10,Married-civ-spouse,Adm-clerical,Husband,White,Male,7688,0,40,United-States,>50K
25,Private,HS-grad,9,Never-married,Handlers-cleaners,Own-child,White,Male,0,0,95,United-States,<=50K
43,Federal-gov,Assoc-voc,11,Divorced,Craft-repair,Not-in-family,White,Male,0,0,40,United-States,<=50K
30,Private,HS-grad,9,Divorced,Craft-repair,Not-in-family,White,Female,0,0,40,United-States,<=50K
58,Private,Assoc-acdm,12,Married-civ-spouse,Priv-house-serv,Other-relative,White,Female,0,0,35,Poland,<=50K
39,Private,10th,6,Married-civ-spouse,Machine-op-inspct,Husband,White,Male,0,0,40,United-States,<=50K
26,Private,Bachelors,13,Married-civ-spouse,Sales,Husband,White,Male,4064,0,50,United-States,<=50K
48,Private,HS-grad,9,Divorced,Adm-clerical,Not-in-family,White,Female,0,0,30,United-States,<=50K
34,Private,HS-grad,9,Married-civ-spouse,Craft-repair,Husband,White,Male,0,0,45,United-States,<=50K
33,Private,Assoc-acdm,12,Divorced,Prof-specialty,Not-in-family,White,Male,0,0,50,United-States,<=50K
48,State-gov,HS-grad,9,Married-civ-spouse,Adm-clerical,Husband,White,Male,0,0,35,United-States,>50K
51,State-gov,HS-grad,9,Married-civ-spouse,Exec-managerial,Husband,White,Male,0,0,40,United-States,<=50K
52,Private,HS-grad,9,Divorced,Machine-op-inspct,Not-in-family,Black,Male,14344,0,40,United-States,>50K
52,Private,Some-college,10,Married-civ-spouse,Prof-specialty,Husband,White,Male,0,0,40,Germany,>50K
26,Private,HS-grad,9,Divorced,Other-service,Unmarried,White,Female,0,0,35,United-States,<=50K
32,Private,Assoc-voc,11,Never-married,Exec-managerial,Not-in-family,White,Female,0,0,23,United-States,<=50K
47,Private,HS-grad,9,Married-civ-spouse,Machine-op-inspct,Husband,White,Male,5178,0,40,United-States,>50K
32,Private,HS-grad,9,Never-married,Transport-moving,Own-child,White,Male,0,0,40,United-States,<=50K
39,Private,HS-grad,9,Never-married,Prof-specialty,Not-in-family,White,Male,0,0,50,United-States,<=50K
51,Local-gov,Some-college,10,Widowed,Adm-clerical,Not-in-family,White,Female,0,0,40,United-States,<=50K
25,Private,Some-college,10,Never-married,Sales,Own-child,White,Male,0,0,40,United-States,<=50K
51,Private,HS-grad,9,Divorced,Prof-specialty,Not-in-family,White,Female,0,0,40,United-States,<=50K
32,Private,Assoc-voc,11,Never-married,Exec-managerial,Not-in-family,Black,Female,0,0,35,England,<=50K
18,Private,HS-grad,9,Never-married,Adm-clerical,Other-relative,White,Female,0,0,30,United-States,<=50K
39,Private,HS-grad,9,Married-civ-spouse,Adm-clerical,Wife,Black,Female,0,0,50,United-States,<=50K
36,Private,10th,6,Never-married,Transport-moving,Not-in-family,Black,Female,0,0,40,United-States,<=50K
29,Federal-gov,Some-college,10,Married-civ-spouse,Adm-clerical,Husband,White,Male,0,0,40,United-States,>50K
25,Private,Some-college,10,Married-civ-spouse,Craft-repair,Husband,White,Male,0,0,40,United-States,<=50K
36,Private,HS-grad,9,Widowed,Other-service,Not-in-family,White,Female,0,0,40,United-States,<=50K
40,Private,HS-grad,9,Married-spouse-absent,Other-service,Own-child,White,Female,0,0,40,United-States,<=50K
31,Private,HS-grad,9,Never-married,Adm-clerical,Not-in-family,White,Female,0,0,40,United-States,<=50K
20,Federal-gov,Some-college,10,Never-married,Protective-serv,Own-child,Black,Male,0,0,40,United-States,<=50K
41,Private,HS-grad,9,Married-civ-spouse,Craft-repair,Husband,White,Male,0,0,72,United-States,>50K
21,Private,Some-college,10,Never-married,Other-service,Not-in-family,White,Female,0,0,40,United-States,<=50K
26,Private,Bachelors,13,Never-married,Adm-clerical,Other-relative,Asian-Pac-Islander,Female,0,0,40,Hong,<=50K
49,Private,Masters,14,Married-civ-spouse,Exec-managerial,Husband,White,Male,0,0,45,United-States,>50K
39,Private,HS-grad,9,Separated,Machine-op-inspct,Not-in-family,Black,Male,2176,0,40,United-States,<=50K
37,Self-emp-not-inc,HS-grad,9,Divorced,Exec-managerial,Not-in-family,Asian-Pac-Islander,Female,0,0,70,South,>50K
41,Federal-gov,Bachelors,13,Divorced,Prof-specialty,Not-in-family,White,Male,0,0,40,United-States,<=50K
48,Private,HS-grad,9,Divorced,Adm-clerical,Unmarried,White,Female,0,0,45,United-States,<=50K
58,Private,HS-grad,9,Married-civ-spouse,Exec-managerial,Husband,White,Male,0,0,60,United-States,>50K
29,Self-emp-not-inc,HS-grad,9,Never-married,Craft-repair,Not-in-family,White,Male,0,0,45,United-States,<=50K
44,Self-emp-not-inc,Bachelors,13,Married-civ-spouse,Exec-managerial,Husband,White,Male,0,2415,50,United-States,>50K
20,Private,Some-college,10,Never-married,Adm-clerical,Own-child,White,Female,0,0,35,United-States,<=50K
45,Private,HS-grad,9,Married-civ-spouse,Farming-fishing,Husband,Amer-Indian-Eskimo,Male,0,0,40,United-States,<=50K
33,Private,HS-grad,9,Married-civ-spouse,Craft-repair,Husband,White,Male,0,0,40,United-States,<=50K
37,Private,HS-grad,9,Divorced,Adm-clerical,Unmarried,White,Female,0,0,40,United-States,<=50K
27,Private,Some-college,10,Never-married,Exec-managerial,Not-in-family,White,Male,0,0,45,United-States,<=50K
19,Self-emp-not-inc,Some-college,10,Never-married,Craft-repair,Own-child,White,Female,0,0,25,United-States,<=50K
79,Self-emp-not-inc,HS-grad,9,Married-civ-spouse,Farming-fishing,Husband,White,Male,0,0,40,United-States,<=50K
39,Private,Bachelors,13,Never-married,Exec-managerial,Not-in-family,White,Female,0,0,40,United-States,<=50K
45,Private,Bachelors,13,Divorced,Exec-managerial,Not-in-family,White,Male,0,0,40,United-States,>50K
46,Private,Assoc-acdm,12,Widowed,Tech-support,Unmarried,White,Female,6497,0,40,United-States,<=50K
27,Private,Bachelors,13,Never-married,Prof-specialty,Not-in-family,White,Female,0,0,40,United-States,<=50K
40,Self-emp-not-inc,Prof-school,15,Married-civ-spouse,Prof-specialty,Wife,White,Female,15024,0,40,United-States,>50K
42,Private,HS-grad,9,Separated,Adm-clerical,Not-in-family,White,Male,0,0,40,United-States,<=50K
19,Private,Some-college,10,Never-married,Adm-clerical,Own-child,White,Female,0,0,30,United-States,<=50K
42,Federal-gov,Bachelors,13,Married-civ-spouse,Prof-specialty,Husband,White,Male,0,0,40,United-States,<=50K
25,Private,Some-college,10,Separated,Priv-house-serv,Other-relative,White,Female,0,0,30,El-Salvador,<=50K
49,Private,Some-college,10,Divorced,Other-service,Unmarried,White,Female,0,0,40,United-States,<=50K
19,Private,Some-college,10,Never-married,Other-service,Own-child,White,Female,0,0,15,United-States,<=50K
29,Federal-gov,Bachelors,13,Never-married,Prof-specialty,Not-in-family,Black,Male,0,0,40,United-States,<=50K
20,Private,HS-grad,9,Married-civ-spouse,Machine-op-inspct,Husband,White,Male,0,0,40,United-States,<=50K
44,State-gov,Bachelors,13,Married-civ-spouse,Adm-clerical,Husband,White,Male,5013,0,40,United-States,<=50K
59,Self-emp-not-inc,Assoc-acdm,12,Divorced,Tech-support,Not-in-family,White,Male,0,0,40,United-States,<=50K
23,Local-gov,Some-college,10,Divorced,Adm-clerical,Unmarried,White,Female,0,0,70,United-States,<=50K
39,Private,Bachelors,13,Married-civ-spouse,Prof-specialty,Husband,Black,Male,0,0,30,United-States,<=50K
40,Private,HS-grad,9,Divorced,Adm-clerical,Unmarried,Black,Male,0,0,40,United-States,<=50K
49,Private,9th,5,Divorced,Other-service,Not-in-family,Black,Male,0,0,37,United-States,<=50K
29,Private,Some-college,10,Never-married,Craft-repair,Own-child,White,Male,0,0,45,United-States,<=50K
28,State-gov,Some-college,10,Separated,Exec-managerial,Own-child,White,Male,0,2339,40,United-States,<=50K
20,Private,HS-grad,9,Separated,Sales,Own-child,White,Female,0,0,26,United-States,<=50K
41,Private,Prof-school,15,Married-civ-spouse,Prof-specialty,Husband,White,Male,0,1977,50,United-States,>50K
26,Private,Bachelors,13,Never-married,Other-service,Own-child,White,Male,0,0,40,United-States,<=50K
32,Private,Bachelors,13,Never-married,Exec-managerial,Not-in-family,White,Female,0,0,40,United-States,<=50K
50,Self-emp-not-inc,HS-grad,9,Married-civ-spouse,Farming-fishing,Husband,White,Male,0,0,50,United-States,<=50K
37,Private,Some-college,10,Separated,Handlers-cleaners,Not-in-family,Black,Male,0,0,35,United-States,<=50K
31,Private,Bachelors,13,Married-civ-spouse,Prof-specialty,Husband,White,Male,7688,0,40,Canada,>50K
62,Private,Bachelors,13,Married-civ-spouse,Exec-managerial,Husband,White,Male,0,0,50,United-States,>50K
25,Private,Bachelors,13,Never-married,Exec-managerial,Own-child,White,Female,0,0,20,United-States,<=50K
34,Private,Some-college,10,Married-civ-spouse,Adm-clerical,Wife,White,Female,0,2057,40,United-States,<=50K
36,Private,Some-college,10,Divorced,Prof-specialty,Not-in-family,White,Male,0,0,50,United-States,<=50K
47,State-gov,Assoc-voc,11,Married-civ-spouse,Tech-support,Husband,White,Male,0,0,48,United-States,>50K
18,Private,11th,7,Never-married,Handlers-cleaners,Own-child,White,Male,0,0,40,United-States,<=50K
33,Private,Masters,14,Married-civ-spouse,Exec-managerial,Wife,White,Female,0,0,50,United-States,>50K
39,Self-emp-not-inc,Masters,14,Never-married,Prof-specialty,Not-in-family,White,Male,0,0,40,United-States,<=50K
32,Private,Masters,14,Married-civ-spouse,Prof-specialty,Husband,White,Male,0,0,40,United-States,>50K
43,Private,Bachelors,13,Separated,Exec-managerial,Unmarried,White,Male,0,0,60,United-States,>50K
54,Private,Masters,14,Married-civ-spouse,Exec-managerial,Husband,Asian-Pac-Islander,Male,0,0,45,United-States,>50K
36,Private,Bachelors,13,Widowed,Prof-specialty,Unmarried,White,Female,0,0,44,United-States,<=50K
25,Private,Bachelors,13,Never-married,Exec-managerial,Own-child,White,Male,0,0,40,United-States,<=50K
78,Self-emp-not-inc,7th-8th,4,Married-civ-spouse,Farming-fishing,Husband,White,Male,0,0,25,United-States,<=50K
40,Private,7th-8th,4,Married-civ-spouse,Craft-repair,Husband,White,Male,0,0,40,El-Salvador,<=50K
49,Self-emp-not-inc,Assoc-acdm,12,Married-civ-spouse,Craft-repair,Husband,White,Male,0,0,30,Columbia,<=50K
47,Private,Doctorate,16,Married-civ-spouse,Prof-specialty,Husband,White,Male,0,0,50,United-States,>50K
42,Local-gov,Some-college,10,Married-civ-spouse,Exec-managerial,Husband,White,Male,15024,0,40,United-States,>50K
56,Private,11th,7,Married-civ-spouse,Machine-op-inspct,Husband,White,Male,0,0,40,United-States,<=50K
51,Private,Bachelors,13,Separated,Prof-specialty,Not-in-family,White,Male,0,0,40,United-States,<=50K
47,State-gov,Bachelors,13,Married-civ-spouse,Exec-managerial,Husband,White,Male,0,0,40,United-States,>50K
61,Federal-gov,Prof-school,15,Married-civ-spouse,Prof-specialty,Husband,White,Male,0,0,50,United-States,>50K
42,Federal-gov,Masters,14,Married-civ-spouse,Exec-managerial,Husband,White,Male,0,0,40,United-States,>50K
25,Self-emp-inc,Assoc-voc,11,Never-married,Transport-moving,Unmarried,White,Male,0,0,55,United-States,<=50K
47,Private,11th,7,Divorced,Adm-clerical,Unmarried,White,Female,0,0,40,United-States,<=50K
18,Private,12th,8,Never-married,Other-service,Own-child,White,Male,0,0,20,United-States,<=50K
37,Private,HS-grad,9,Married-civ-spouse,Transport-moving,Husband,White,Male,0,0,50,United-States,>50K
50,Private,Some-college,10,Never-married,Other-service,Not-in-family,White,Male,0,0,32,United-States,<=50K
17,Private,11th,7,Never-married,Sales,Own-child,White,Male,0,0,28,United-States,<=50K
34,Private,HS-grad,9,Married-civ-spouse,Adm-clerical,Husband,White,Male,0,0,40,United-States,<=50K
39,Local-gov,HS-grad,9,Married-civ-spouse,Craft-repair,Husband,White,Male,0,0,40,United-States,>50K
32,State-gov,Bachelors,13,Married-civ-spouse,Exec-managerial,Wife,White,Female,0,0,40,United-States,>50K
47,Private,Bachelors,13,Married-civ-spouse,Craft-repair,Husband,White,Male,0,0,40,United-States,<=50K
52,Private,Some-college,10,Divorced,Sales,Unmarried,White,Female,0,0,50,United-States,<=50K
